 Rillieux, N	
"Battle Hymn of the Republic" to Chilean independence	
'Od' Odic Force	
'Winnie the Pooh'	
(D)ARPA	
1848 Revolutions	
1855 Paris Exposition	
1862 Great London Exposition	
1867 Paris Expo Universelle	
1878 Paris Exposition Universelle	
1904 World Fair	
1915 Panama-Pacific Expo	
1933 Chicago World's Fair	
1936 Olympics	
1939 New York Fair	
1964 New York Fair	
2001	Harte, Bret
3-ring circus	
3M Minnesota Mining & Mfgr	
9/11 Attack WTC	
Abel	
Abelard P	
Aberhart W	
Abigail Folger	
Abolition	
Abulafia	
Accademia del Cimento	
Acheson, EG	
Achromatic Lens	
Ackermann R	
ACLU Am Civil Liberties Union	
Adam, Robert	
Adams JQ	
Adams JQ 2	
Adams,  Samuel	
Adams, Douglas	
Adams, John	
Adams, John 2	
Adams, William	
Adams. Sam 2	
Addams, Jane	
Addison J 2	
Addison, Joseph	
Addison, Thomas Dr.	
Adelard of Bath	
Adler, Cyrus	
Adler, Felix	
Adler, Jacob	
Adler, Stella	
Agassiz	
Agoult	
Agricola	
Agricola 2	
AI Artificial Intelligence	
Air Conditioning	
Air Quality	
Airbrake	
Airplane	
Airy	
Airy, George B.	
Al Battani	
Al Farghani	
Al Hazen	
Al Hazen 2	
Al-Farghani	
Alaska Purchase	
Albani	
Albert Einstein 2	
Alberti	
Alberti 2	
Albertus Magnus	
Alchemy	
Alcock & Brown	
Alcohol	
Alcoholic	
Alcott LM	
Alcubierre	
Aldus Manutius	
Alexander the Great	
Alexander VI	
Alfonso VI	
Alfonso X	
Algarotti	
Algarotti, F	
Algorithm	
Alighieri Dante 2	
Allen	
Allen, Thomas	
Allgemeine Zeitung	
Allgood	
Alloy Steel 2	
Allston	
Allston, W	
Alternating Current  AC	
Alternative Energy	
alvarez, Luis	
Amazon Rainforest	
American Express	
American Philosophical Society	
American Revolution	
American Society for Promoting Useful Knowledge	
Amp	
Ampere J	
Ampere, A 2	
Ampere, Andre	
amplifier	
Amundsen	
Anacreon	
Anaesthesia	
analytical engine	
Ancient Greece	
Ancient India / Hindu	
Andersen HC	
Andral	
Andreae	
andrew johnson, Pres	
Anesthetic	
Aniline Dye	
Anselm of Bec	
Anson	
Anson, G Adm.	
Anthony, SB	
Anthracene	
Anthracite Coal	
Anti-handshake movements	
Antikythera mechanism	
Antiquities	
Antiseptic	
Apian	
Apian, Peter	
Apollinaire	
Appert	
Appert 2	
Apple Computer	
Appleton	
Appleton Layer	
Appleton, Edward	
Aquinas	
Arab Astronomy to Harvard	
Arab medicine to Ben Jonson	
Arab Optics to “My Fair Lady”	
Arabian Horse	
Arago	
Arbuthnot	
Arbuthnot, John	
Arc Light	
Arc, Joan of 2	
Archer, Wm	
Archimedes	
Arden, Elizabeth	
Aretino, P	
Argand	
Argand, F-P	
Argelander	
Argelander, FWA	
Aristotle	
Aristotle 2	
Arkwright, Richard	
Arlen H	
Armansperg	
Arminius	
Armstrong Wm 2	
Armstrong, L 2	
Armstrong, Louis	
Armstrong, Wm G	
Arnauld, A	
Arnim A von	
Arnim B von	
Arnold M	
Arnold, Benedict Gen	
Arnold, Hap Gen	
Arnold, Joseph	
Aronson, B	
Arp	
arrhenius, Svante	
Arrighi	
Arrighi, L	
Arrol, Wm Sir	
Art Nouveau	
Art Students League of New York	
Artillery Cannon	
Arts & Crafts Movement	
Ashton Sir F	
Asimov	
aspirin	
Assassination	
Assembly Line	
astaire. Fred	
Astor, John J	
Astrology	
Atalia Mohamed	
ATM	
atom bomb	
Attila the Hun	
Aubrey	
Aubrey, John	
Auden WH	
Audimeter	
audion	
Audion / vacuum tube	
Audubon 2	
Audubon, John J	
Auenbrugger	
Auenbrugger, L	
Austen J	
automobile	
Avatars	
Average Person	
Averroes	
Avicenna	
Avicenna 2	
Avogadro	
Avogadro Number	
Avogadro, Amedo  2	
Award / Prize	
Ayer FW	
Ayrton WE	
Azzolino	
Babbage 2	
Babbage, Charles	
Babbitt I	
Baby Carriage	
Bacall, Lauren	
Bach CPE	
Bach JS	
Bache	
Bacon F	
Bacon R 2	
Bacon, Francis	
Bacon, Roger	
Baden-Powell Sir GS	
Baden-Powell Sir RSS	
Bader, Douglas	
Baer von	
Baeyer A von	
Baikonur cosmodrome	
Bailey WT	
Baily EH	
Baird JL	
Baird, John L 2	
Baird, SF	
Baker, Benjamin	
Baker, Josephine	
Balanchine	
Balfour 2	
Balfour, Arthur	
Baliani	
Baliani, GB	
Ball	
Ball bearings	
Ball, AJ	
balloon	
Ballpoint pen	
Balzac	
Banana	
Bananas to Logarithms	
Bancroft, Ed	
Bancroft, George	
Bankes, William	
Banks, J Sir	
Banks, Joseph 2	
Bantock Sir G	
Barbary pirates	
Barbed Wire	
Barber, Samuel	
Barberini Family	
Barberini, Cornelia	
Barberini, Urbano Pope	
Barcode	
Bardeen 2	
Bardeen, John	
Barnum 2	
Barnum, PT	
Barometer	
Barometer 2	
Baron von Reichenbach, Carl	
Barrow	
Barrow, I	
Barry, C Sir	
Barrymore	
Bartholin E	
Bartholin T	
Bartlett, Josiah	
Bartok	
Bartok, B	
Barton, Catherine	
Barton, Clara	
Baseball	
BASF IG Farben	
Basketball	
Basketball 2	
Basselin	
Bassi AM	
Battalions of Death	
Battery	
Battle Hymn Glory Glory	
Battle Hymn of Republic 2	
Battle of Britain	
Battle of Ticonderoga	
Baudelaire	
Bauersfeld	
Baxter, W	
Bayes	
Bayes, Thomas	
Bayeux Tapestry	
Bayle	
Bayonet	
Bazalgette, JW	
BBC	
Beach Boys	
Beardmore	
Beardmore, Wm	
Beardsley A	
Beatles	
Beauchamp	
Beauchamp, P	
Beaumarchais	
Beaumarchais 2	
Beccaria 2	
Beccaria, C	
Bechet, Sidney	
Beckett S	
Beckett, Samuel	
Beckett, Sir E	
Beckford	
Becquerel	
Becquerel, HA	
Beddoes	
Bedson	
Beebe	
Beebe, Wm ALVIN	
Beecham Sir T	
Beeckman	
Beeckman, I	
Beerbohm M	
Beethoven 2	
Beethoven, L van	
Behaim M	
Belasco, D	
Belinsky	
Belinsky, VG	
Bell , Alexander G	
Bell AG 2	
Bell AM	
Bell Labs	
Bell, Charles	
Bellamy	
Bellamy, E	
Bellarmine	
Bellarmine, St	
Bellini, Gentile	
Bellini, Giovanni	
Belloc H	
Belon	
Belon, P	
Belson, William	
ben Gershom	
ben Gerson	
Ben-gurion	
Bends	
Benedetti	
Benedetti, GB	
Benes E	
Bennet, J Gordon	
Benny, J	
Benny, Jack	
Bentham J	
Bentham S	
Benzene ring	
Berg, Gertrude	
Bergson	
Berkeley	
Berkeley, George	
Berkman A	
Berlin, I	
Berlin, Irving	
Berliner	
Berliner, E	
Berlioz	
Berlioz, H	
Bernadotte JBJ	
Bernadotte, Folke	
Bernard C	
Bernard of Chartres	
Bernard, Claude	
Bernays, Edward	
Berners-Lee	
Bernhardt, S 2	
Bernhardt, Sarah	
Bernini	
Bernini, GL 2	
Bernoulli D	
Bernoulli J	
Bernoulli, Daniel	
Bernstein L	
Bernstein, Leonard	
Bert	
Bert, Paul	
Berthollet	
Berthollet, C-L	
Berti	
Berti, G	
Berzelius 2	
Berzelius, JJ	
Besant A	
Besant Sir W	
Besant, Annie	
Bessarion	
Bessarion, John	
Bessel	
Bessel, F	
Bessemer	
Bessemer 2	
Bessemer Steel	
Bethe	
Bethlehem Steel	
Betjeman J	
Bette Davis	
Bichat	
Bichat, X	
bicycle	
Bifocals	
Big Bang	
Big Ben	
Big Data	
Bigelow J	
Bigelow, John	
Billroth	
Billroth, CAT	
Bin Laden, O	
Biomass	
Biot	
Biot, J-B	
Birdseye, Clarence	
Birkbeck	
Birkbeck, George	
Biro	
Biro, L	
Bismarck	
Bismarck von	
Bizet	
Bizet, George	
Bjerknes V	
Blacas, Duc de	
Black	
Black Holes	
Black, Joseph	
Blaeuw	
Blaeuw, JW	
Blake W	
Blake, William	
Blanchard	
Blanchard, Thomas	
Blavatsky 2	
Blavatsky, Helena P	
Bleach	
Bleriot	
Bligh HMS Bounty	
Blood Circulation	
Blood tests	
Blood Typing	
Blood typing to "Winnie the Pooh"	
Blucher	
Blue Funnel Line	
Blumenbach	
Blumenbach, JF	
Blunt, Lady Anne	
Bly, N	
Boas, Franz	
Boccaccio	
Bode	
Bode, JE	
Bodley T	
Boerhaave	
Boerhaave, H	
Bogart H	
Bohr	
Bohr, Niels	
Boileau	
Boileau, N	
Boisbaudran	
Boissier de Sauvages	
Boleyn	
Bolivar, Simon	
Boll	
Boll, FC	
Bolshoi	
Boltzmann	
Boltzmann, L	
Bonet	
Bonet, JP	
Bonnet	
Bonnet, Chls	
Bonnie Prince Charlie	
Bononcini	
Bonpland	
Bonpland, AJA	
Bonstetten	
Bonstetten, KV von	
Boole	
Boone, Daniel	
Booth JW	
Booth JW 2	
Booth Sir F	
Booth, Henry	
Booth, Wm	
Bopp	
Bopp, F	
Borax	
Borelli	
Borelli, G	
Borges, JL	
Borgia C	
Borgia L	
Borgia, Cesare	
Borgia, Lucrezia	
Born	
Born, Max	
Borodin	
Borodin, A	
Borromini	
Borromini, FC	
Bosch, H 2	
Bosch, Hieronymous	
Boscovich RG	
Boston Tea Party	
Boswell	
Boswell, James	
Bothwell	
Bottger JF	
Botticelli	
Botticelli, A	
Bottle Cap	
Bottle Cap to Frederick the Great	
Bouchon	
Bouchon, B	
Boucicault, D	
Boulanger	
Boulanger, Nadia	
Boulton, M 2	
Boulton, Matthew	
Boussingault JBJD	
Bow, Clara	
Bowen Sir GF	
Bowie, David	
Boyle's Law	
Boyle, R 2	
Boyle, Robert	
Boys, CV	
Bradbury, Ray	
Bradlaugh	
Bradlaugh, Chls	
Brady, M	
Bragg, W Lawrence Sir	
Bragg, William Henry	
Brahe	
Brahe, Tyco	
Brahms	
Brahms, J	
Braid	
Braid, James	
Braille Writing	
Braille, L 2	
Braille, Louis	
Bramah	
Bramante	
Bramante, D	
Brandeis, LD	
Brandes G	
Brando, Marlon	
Branson, Richard	
Braque	
Braque, G	
Brattain	
Brattain, W	
Braun	
Braun von 2	
Braun, KF	
Braxton, Carter	
Brecht 2	
Brecht, Bertholt	
Breguet AL	
Brentano von	
Brentano, C von	
Breton A	
Breton, Andre 2	
Breuer	
Breuer, J	
Breughel Jan the Younger	
Breughel, Jan the Elder	
Breughel, Pieter	
Brewster	
Brewster, Sir David	
Bridge F	
Bridgeman C	
Bridgeman L	
Bridgeman, Chls	
Bridgeman, Laura	
Bridgewater, Duke of	
Briggs H	
Bright	
Bright's Disease	
Bright, Richard	
Brindley, James	
British Museum	
British Museum 2	
Britten B	
Brongniart Alexandre	
Bronte E	
Bronte, Emily	
Brooke, James	
Brooklyn Bridge	
Broussais	
Broussais, FJV	
Brower, D	
Brown, Capability	
Brown, John	
Brown, John 2	
Brown, Robert	
Brownian motion	
Browning	
Browning Eliz 2	
Browning Eliz B	
Browning, R 2	
Brucke von	
Bruckner	
Brugnatelli	
Brunel M 2	
Brunel,  Isambard  K 2	
Brunel, IK	
Brunel, Marc	
Brunelleschi	
Brunelleschi, F	
Bruno	
Brush, George	
Bryan, William Jennings	
Bryant WC	
Buber	
Bucer	
Bucer, M	
Buchan, John	
Buchanan	
Buchanan, James Pres	
Buckland	
Buckland, Wm	
Buddhism	
Buffalo Soldiers	
Buffon	
Buffon, G	
Bullock Wm	
Bullock, George	
Bullock, William	
Bulow von	
Bulow, Cosima von	
Bulwer-Lytton	
Bunsen	
Bunsen burner	
Bunuel L	
Buontalenti	
Buontalenti, B	
Burbage	
Burbage, Richard	
Burbank L	
Burdett-Coutts	
Burdett-Coutts, A	
Burgi, Joost	
Burgoyne, Gen John	
Buridan	
Buridan, Jean	
Burke, E	
Burke, Edmund	
Burke, James	
Burne-Jones	
Burne-Jones, Edward	
Burney	
Burney, Fanny	
Burns, Robert	
Burns, WJ	
Burr A	
Burr, Aaron	
Burroughs, Edgar R	
burroughs, John	
Burton, Richard F	
Bush, V 2	
Bush, Vannevar	
Bushnell	
Business growth	
Busoni F	
Bute	
Buxtehude	
Buys Ballot	
Byers, James	
Byrd	
Byrd, R 2	
Byron	
Byron Vice-Adm. J	
Byron, GG Lord	
Cabbalism	
Cabral	
Cabral, PA	
Cadbury	
Cagliostro, Alessandro	
Cailletet	
Cailletet, LP	
Calamine	
calculator	
Calculus	
Calder A	
Calendar reform to electricity	
California	
California Gold Rush	
Callas M	
Callas, Maria	
Calvin	
Calvin, John	
Cambridge U	
Camden W	
Camden, Wm	
camera obscura	
camera obscura 2	
Camoens	
Camoens, LV de	
Campanella	
Campanella, T	
Camper P	
Camper, Peter	
Camus	
Canal	
Candolle	
Canned food	
Canned food to sociology	
Cannizzaro	
Cannizzaro, S	
Cannon, Walter	
Cannon, WB	
Canova	
Cantor, Eddie	
Capodistria	
Capone, Al	
Capote, Truman	
Car  / Automobile 2	
Caravaggio	
carbolic acid / phenol	
carbon Fibre	
Carborundum	
Carburetor	
Cardano	
Cardano, G	
Cardozo, B	
Careme	
Carlson CF	
Carlyle	
Carlyle, Thomas	
Carnap	
Carnap, R	
Carnegie	
Carnegie, Andrew	
Carnot H	
Carnot S	
Caro	
Caro, H	
Caroline, Queen of Naples	
Carothers	
Carothers, W	
Carranza V	
Carre	
Carre, Jean	
Carrel, A	
Carrel, Alexis	
Carroll L	
Carroll, Charles	
Carroll, Lewis	
Carson EH	
Carson Rachel	
Carson, Kit	
Carter Elizabeth	
Carter, Elizabeth	
Carter, Howard	
Carter, Pres J	
Cartier	
Caruso	
Caruso, E	
Carver, GW	
Casanova	
Casaubon	
Casaubon, I	
Casement Sir R	
Cassat, Mary	
Cassini	
Castries	
Castries, Chls de	
Castro 2	
Castro, Fidel	
Catapult	
Catesby	
Catesby, Robert	
Cathars	
Catherine II the Great	
Catherine of Aragon	
Catherine the Great 2	
cathode ray tube	
Cavendish	
Cavendish, Henry	
Cavour	
Cavour, C	
Caxton, Wm	
CBS Columbia Broadcasting	
Cecil Sir W	
Cell Smart Phone	
Cellini	
celluloid	
celluloid film	
Celsius	
Celsius, A	
Century Magazine	
Ceramics	
Cerf V	
cerium	
Cervantes Quixote	
Cezanne	
Cezanne, Paul	
Chadwick	
Chadwick, E	
Chagall	
Chagall, Marc	
Chain	
Chain, EB	
Chaliapin	
Chaliapin, FI	
Challis	
Challis, James	
Chambers E	
Chambers W	
Champollion	
Chandler, Raymond	
Chaplin C 2	
Chaplin, Charlie	
Chapman G	
Chappe	
Chappe, C	
Charcot	
Charcot, JM	
Charlemagne	
Charlemagne 2	
Charles Bold of Burgundy	
Charles I	
Charles II	
Charles II 2	
Charles V	
Chase, Samuel	
Chatterton. Thomas	
Chaucer	
Chekhov	
Chemical Symbols	
chemotherapy	
Cherubini	
Chesapeake Incident	
Cheselden	
Cheselden, Wm	
Chess	
Chest-Tapping	
Chesterton GK	
Chevreul, ME	
Chevreul, Michel	
chewing gum	
Chiang Kai Chek	
Chiang Kai Chek 2	
Chicago Expo 1893	
Chicago Expo 1893 2	
children's books	
Chippendale	
Chippendale, Thos	
Choiseul	
Choiseul, EF Comte	
Chomel	
Chomel, AF	
Chopin	
Chopin, FF	
Choreography	
Christian	
Christianity	
Christie SH	
Christie, Agatha	
Christina of Sweden	
Chronometer	
Chronophotographic gun	
Chu, Steven	
Churchill, W 2	
Churchill, Winston	
Cibber	
Cimabue	
City Beautiful / Garden City	
Civil Rights Movement	
Clapeyron	
Clapeyron, BPE	
Clark E&L	
Clark, Abraham	
Clarke, Arthur C 2001	
Clarkson T	
Clarkson, John	
Clausewitz	
Clausewitz, CPG von	
Clausius	
Clausius, R	
Clay, Henry	
Clean-up techniques	
Clegg	
Clegg, S	
Clemenceau	
Clemenceau, G	
Clement, Joseph	
Clementi	
Clerisseau	
Clerisseau, CL	
Clerk	
Clerk, John	
cleveland G Pres	
Climate Change	
Climate Change AGW	
Clinton DeWitt	
Clinton, George	
Clinton. Wm J Pres	
Clipper ship	
Clive of India	
Clock / watch	
Cloud chamber	
Clovio	
Clovio, G	
Clurman, H	
Clymer, George	
CO2	
Coal Tar	
Cobbett	
Cobbett, Wm	
Cobbs, Rev C	
Cobden R	
Cochrane A	
Cochrane T	
Cochrane, Archibald	
Cochrane, Thomas	
Coco Chanel	
Cocteau	
Cody	
Cody SF	
Cody, Buffalo Bill	
Coffee	
Coffeehouse	
Coherer	
Coke T	
Coke, Thomas	
Colbert	
Colbert, J-B	
Colby	
Cold War	
Coleridge	
Coleridge 2	
Coleridge, ST	
Collins J	
Collins, John	
Collins, Michael	
Collins, Wilkie	
Colt 2	
Colt, Samuel	
Columbus	
Columbus 2	
Combe G&A	
Communication Network	
Communism	
composer and publisher of  Handel	
Compound engine	
computer	
Computer Models	
Computer Mouse	
Comte	
Conant JB	
Conant, James B	
Concertina	
Condillac	
Condillac, EB de	
Condorcet	
Confusianism	
Congreve	
Congreve Sir W	
Congreve, William	
Connections	
Connections 1 1978	
Connections 2 1994	
Connections 3 1997	
Connections 4	
Connections 4 - Tours	
Connections 4.1	
Connections 4.2	
Connections 4.3	
Connections 4.4	
Connections 4.5	
Connections 4.6	
Connectomes	
Conrad	
Conrad, Joseph	
Constable	
Constable, John	
Constant, Benjamin	
Constantine I	
Contact Lenses	
Conte	
Conte, NJ	
Continental Drift / Pangea	
Conybeare	
Conybeare, Wm	
Cook, Capt James	
Coolidge, Calvin Pres	
Cooper J Fenimore	
Cooper Sir AP	
Copeland, Aaron 2	
Copernicus	
Copernicus 2	
Copland	
Copland, Aaron	
Coppola, FF	
Cordus V	
Corelli	
Corelli, A	
Coriolis	
Coriolis Effect	
Cormon	
Cormon, F	
Corneille	
Corneille, P	
Cornell	
Cornell, Ezra	
Cornflakes	
Cornflakes to Communist Manifesto	
Cornwallis	
Cornwallis 2	
Corot	
Correns CFJE	
Cort H	
Cortes	
Cortona	
Corvisart	
Corvisart, J-N	
Cosmic radiation	
Costs	
Cosway, Maria	
Cotta JF	
Cotton C	
cotton gin	
Cotton, Charles	
coulomb unit	
Coulomb, CA	
Courbet	
Courtauld S	
Courtois	
Cousteau, J	
Coward, Noel	
Cowley, Malcolm	
Cowper	
Cowper, Wm	
Craig EG	
Cranach L Elder	
Cranmer T	
Creativity / Innovation	
Credit Card	
Credit Mobilier	
Creosote	
Crescas H	
Crick & Watson	
Crick & Watson 2	
Crimean War	
Crimean War 2	
Criminology	
Crompton	
Crompton mule	
Cromwell	
Cromwell, Oliver	
Crookes	
Crookes, Wm	
Crosby, Bing	
Crowell	
Crowell, HP	
Cruciger	
Cruciger, C	
Cruikshank	
Cruikshank, Wm	
Crusades	
Cryptography Code	
Crystal Palace 1851	
Crystallography	
Cuban missile crisis	
Cukor, George	
Cullen	
Cullen, Wm	
Cultural anthropology	
Curie M	
Curie P	
Curie, Marie	
CuriosityStream	
Curtius	
Curtius, T	
Custer, G	
Custis GWP	
Cuvier	
Cybernetics / Chaos Theory	
Czerny	
Czerny, C	
D'Alembert	
D'Annunzio	
D'Arblay	
D'Arblay, AJB	
d'Estaing	
D'Este L	
D'Este, Isabella	
D'Holbach	
D'Orbigny	
D'Oyly Carte	
D-Day Normandy	
Da Gama	
Da Gama, Vasco 2	
Da Vinci	
Daguerre 2	
Daguerre, Louis	
Daguerreotype	
Daimler	
Dale 2	
Dale, David	
Dali	
Dalkin CP	
Dalton J	
Dalton, John	
Dalziel	
Damascus Steel	
Dampier	
Dampier, Wm	
Dana JD	
Dana, RH	
Dance G	
Dance-Holland	
Dance-Holland, N	
Dancer	
Dante	
Darby A	
Darby, A	
Darius I	
Darius III	
Darnley	
Darrow, Charles	
Daru	
Darwin	
Darwin E	
Darwin, Chls.	
Darwin, Erasmus	
Daubenton	
Daubenton, LJM	
David	
David, JL	
Davis, Jefferson	
Davy 2	
Davy, Humphry	
De Bary	
De Bary, A	
De Batz	
De Beauvoir S	
De Beauvoir, Simone	
De Broglie	
De Caylus	
De Caylus, ACP	
De Chezy	
De Chezy, AL	
De Cordoba	
De Cordoba, GF	
De Dancay	
De Dancay, Chls	
De Falla	
De Falla, M	
De Forest	
De Forest 2	
De Gaulle	
De Gheyn	
De Graaf	
De Grasse	
De Grouchy, Sophie	
De la Halle	
De la Mettrie	
De La Warr	
de Las Casas, B	
De Lassus	
De Leon, M	
De Leon, Moses	
De Lesseps	
De Lesseps 2	
De Longueville, Duchesse	
De Maupassant	
De Moivre	
De Moivre, A	
De Morgan, Augustus	
De Morveau, G	
De Musset	
De Noronha	
De Stael	
De Stael 2	
De Thou	
De Tocqueville	
De Tonti, Lorenzo	
De Tonty H	
De Troyes	
De Valera 2	
De Valera, E	
De Vigny	
De Vries	
De Vries, Hugo-Marie	
Deane, Silas	
Death Ray	
Debtor Prison	
Debussy	
Debussy, Claude	
Decatur, S	
Decision Trees	
Declaration of Independence	
Dee Bridge disaster	
Deffand	
Deffand, Marie du	
Defoe	
Defoe, Daniel 2	
Degas	
Degas 2	
Dekker	
Dekker, Thomas	
Delacroix	
Delacroix, E	
Delibes	
Delibes, FTA	
Delius F	
Della Francesca	
Della Francesca, P	
Della Mirandola	
DeMille, Cecil B	
Denison, EB Sir	
Department Store	
DeQuincey, Thomas	
Derby	
Des Barres	
Des Barres, JFW	
Desaguliers	
Desaguliers, John 	
Descartes 2	
Descartes, Rene	
detective Novels	
Deutsches / German Museum	
Deverill	
Deverill, H	
Devol, George	
Devonshire, Georgiana Duchess of	
Dewar	
Dewar, James Sir	
Dewey J	
Dewey, John	
DEWline	
Diaghilev	
Diaghilev 2	
Dialectic	
Dickens 2	
Dickens, Chls	
Dickinson, Emily	
Diderot	
Diderot, Denis	
Didot	
Diesel	
Diesel engine	
Dietrich, Marlene	
dinosaur	
Dirac	
Dirac, Paul	
Direct Current  DC	
Disaster	
Discovery of America to St Paul's Cathedral	
Disney	
Disraeli	
Disraeli, B	
Division of labor	
Dixon, Jeremiah	
DNA / Genetics	
DNA fingerprinting	
Dobereiner	
Dobereiner, JW	
Dodson	
Dodson, James	
Dohnanyi	
Dohnanyi, E	
Dollars & cents	
Dollond	
Dollond, John	
Dolmetsch A	
Dolphins	
Dom Pedro	
Dom Pedro 2	
Donatello	
Donizetti	
Donizetti, G	
Donkin	
Donkin, Bryan	
Donne	
Donovan, Wild Bill OSS	
Doolittle, James	
doorbell	
Doppler	
Doppler Effect	
Doppler, JC	
Dornier	
Dostoyevsky	
Dostoyevsky 2	
Double refraction	
Double-Entry Bookkeeping	
Double-entry bookkeeping to Armada	
Doubleday	
Doubleday, Abner	
Doubleday, Frank	
Douglas CH (social credit)	
Douglas, Lord A	
douglas, Wm O	
Douglass, Frederick	
Doulton	
Doulton, H Sir	
Doyle Conan, A Sir	
Doyle, Conan 2	
Dr. Who	
Dracula / Vampire	
Drake , Francis 2	
Drake Sir F	
Drake, Edwin	
Drake, Edwin 2	
Drebbel	
Drebbel, C	
Dreiser T	
Dreiser, Theodore 2	
Dreyfus Affair	
Dreyfus, Alfred	
Drummond	
Drummond, Thomas	
Drury	
Dryden	
Dryden, John	
Du Bois, WEB	
Du Bois-Reymond	
Du Chatelet	
Du Chatelet, Emilie 2	
du Maurier	
Dubinsky, D	
Duchamp	
Duchamp, Marcel 2	
Dudley	
Dudley, Robert	
Duel	
Duff-Gordon	
Duhamel du Monceau	
Duke of Portland	
Dukhobors sect	
Dulles	
Dulles, JF	
Dumas fils	
Dumas fils jr	
Dumas JBA	
Dumas pere	
Dumas pere sr	
Dunant	
Dunant, J-H	
Duncan, Isadora	
Duncan, Isadora 2	
Duns Scotus	
Dupont Co. 2	
Dupont IE Co.	
DuPont PS	
DuPont PS 2	
DuPont, Eleuthere	
DuPont, Eleuthere 2	
Dupuy P	
Dupuytren	
Dupuytren, G	
Durer 2	
Durer, A	
Durie, Dora	
Durie, John	
Durkheim	
Duse E	
Dutens	
Duyckinck	
Dvorak	
Dvorak, AL	
Dye paint pigment	
Dylan, Bob	
Dynamite	
Dynamo / Generator	
Dyson	
Eads JB	
Earhart, Amelia	
Earp, Wyatt	
East India Co	
East India Company 2	
Eastman	
Eastman, G	
Eckert	
Eckert 2	
Eco, Umberto	
Economic cutback	
Economy	
Ed Sullivan Show	
Eddington, AS	
Eddystone lighthouse to stored programs	
Edgerton H	
Edison 2	
Edison, Thomas	
Edoux	
Edward VII	
Ehrenberg	
Ehrenberg, CG	
Ehrlich, Paul	
Ehrlich, Paul 2	
Eiffel	
Eiffel Tower	
Eiffel, G	
Eijkmann	
Einstein	
Einstein, Albert	
Eisenhower 2	
Eisenhower, D	
Eisenstein	
Eisenstein, Ira	
Eisenstein, Sergei	
Ekman VW	
El Cid	
El Greco	
El Greco 2	
Elder & Woodruff	
Eleanor of Aquitaine	
Eleanor of Aquitaine 2	
Electric Eel / fish	
Electric Motor	
Electricity	
Electrolysis	
electromagnetic radiation	
electromagnetism	
electron	
Electron to Hitler	
electronic computer	
Electrophoresis	
Elevator	
Elgar	
Elgar, E Sir	
Elgin Marbles	
Elgin TB	
Elgin, JB	
Eliot TS	
Eliot TS 2	
Eliot, George	
Eliot, TS	
Elizabeth	
Elizabeth I Queen	
Ellery, William	
Elliott, JL	
Elvis Presley	
Emerson 2	
Emerson, RW	
Emissions	
Encyclopedia	
Encyclopedia Britannica	
Energy supply	
Enfantin	
Enfantin, BP	
Engelbart, Douglas	
Engels	
Engels, F	
Englebart	
ENIAC	
Enigma Code	
Enlightenment	
EO Wilson	
Ep 5 Echoes of Past	
Epidemics	
Erasmus	
Ericsson 2	
Ericsson, John	
Erie Canal	
Esmarch	
Esperanto	
Essex, Earl of	
Estienne	
Estienne, H II	
Euclid	
Euclid 2	
Eugenics	
Eugenie Empress	
Eugenie, Empress	
Euler	
Euler, L	
Eustachi	
Eustachi, B	
Evans Sir A	
Evelyn	
Evelyn, John	
Everett	
Evolution to TV	
Evolution, theory of	
Executed	
Expo of products of French Industry	
Exposition Paris 1900	
Exposition Universelle of 1889 Paris	
Fabry	
Factor, M	
Fahrenheit, DG	
Fair Trade	
Fairbairn	
Fairbanks Snr., Douglas	
Fairbanks, Douglas 2	
Falcon	
Falcon, J-B	
Faraday 2	
faraday unit	
Faraday, M	
Farnsworth	
Farr	
Farr, Wm	
Farragut Adm	
Fascism	
Faulkner	
Faure	
Faure, G	
Fawcett, Percy	
Fawkes, Guy	
Fawkes, Guy 2	
Fechner GT	
Fellini	
Ferber, Edna	
Ferdinand de Medici	
Ferdinand II Tuscany	
Ferdinand II Tuscany 2	
Fermat	
Fermat, P de	
Fermi	
Fermi, E	
Ferrel	
Ferrel, Wm	
Ferris Wheel	
Fertiliser	
Fertilizer	
Fessenden	
Fessenden, R	
Feynman diagram	
Feynman, Richard	
Fiber Optics	
Fibonacci	
Fichte	
Fichte, JG	
Field	
Field, Cyrus W	
Field, J	
Fielding	
Fielding, Henry	
Fieser LF	
Fillmore M Pres	
Fingerprinting	
Fink	
Fink, A	
Firestone	
Fischer	
Fischer von Erlach	
FitzGerald	
Fitzgerald, Ella	
Fitzgerald, Ella 2	
Fitzgerald, F Scott	
Fitzgerald, FS 2	
FitzGerald, GF	
Fitzroy	
Fitzroy, Robt	
Fizeau	
Fizeau, AHL	
Flamsteed	
Flamsteed, John	
Flanders wool	
Flaubert	
Flaubert, G	
Flaxman	
Fleming	
Fleming A 2	
Fleming, Alexander	
Fleming, John A	
Flint	
Flint, A	
Florey	
Florey, H	
Floyd, William	
flynn, Errol	
Foch F	
Fokine M	
Fokker	
Fokker, A	
Follen	
Follen, Charles	
Folsom, Charles	
Fontenelle	
Fontenelle, B	
Fonteyn	
Forbes-Robertson	
Ford J	
Ford, FM 2	
Ford, Ford Madox	
Ford, Henry	
Ford, John	
Forster EM	
Forster G	
Forster G 2	
Forster JR	
Fortune, Robert	
Foscolo U	
Fossil fuel	
Foucault 2	
Foucault, JBL	
Founding Fathers	
Fouquet	
Fouquet, N	
Fourcroy	
Fourcroy, AF de	
Fourdrinier	
Fourdrinier, Henry	
Fourier, JBJ	
Fowler J Sir	
Fox CJ	
Fox G	
Fox Sir C	
Fox Sir Charles 2	
Fox, W	
France A	
France Anatole	
Francesco d’Este	
Franck, James	
Franco	
Frankenstein	
Frankfurter, Felix	
Frankland E	
Franklin Sir J	
Franklin Sir John	
Franklin, Ben 2	
Franklin, Benjamin	
Franklin, Rosalind	
Franz Josef I, Emperor	
Frauenhofer	
Frauenhofer, J von	
Frazer Sir J	
Frederick II the Great	
Frederick III of Saxony	
Frederick III Saxony	
Frederick the Great 2	
Frederick, Prince Wales	
Free Trade Movement	
Freemasons	
Frege G	
Freiberg, Dietrich von	
Freissler, Anton	
French and Indian War	
French Revolution	
Fresnel	
Fresnel lens	
Fresnel, AJ	
Freud, S 2	
Freud, Sigmund	
Frick HC	
Frick, Henry C 2	
Fritts	
Fritts, Chls	
Froebel	
Froebel, FWA	
Froebel, Julius	
Fromanteel	
Fromanteel, A	
Frost R	
Fuchs	
Fuchs, E	
Fuel Cell	
Fugger	
Fulbert	
Fulbert of Chartres	
Fuller, B	
Fuller, Buckminster	
Fuller, M	
Fuller, Margaret	
Fulton R	
Fulton, Robert 2	
fungicide	
Fungus study to "Little Women"	
Fur Trade	
Furnivall	
Fuseli	
Fuseli, Henry	
Gable C 2	
Gable, Clark	
Gade	
Gade, N	
Gainsborough	
Gainsborough, Th	
Galen	
Galileo	
Galileo 2	
Gall & Spurzheim	
Gall & Spurzheim 2	
Gallaudet E	
Gallaudet T	
Gallaudet, Edward	
Gallaudet, TH	
Galsworthy	
Galt	
Galt, John	
Galton 2	
Galton, F Sir	
Galvani	
Galvani, Luigi	
Galvanizing	
Gamble	
Gamble, John	
Gambling	
Gamow	
Gamow, GA	
Gandhi	
Garbo, Greta	
Garden M	
Garden, Mary	
Garfield, James President	
Garfield, John	
Garibaldi	
Garibaldi 2	
Garland, Judy	
Garland, Judy 2	
Garrick	
Garrick, David	
Garrison, Wm Lloyd	
Garros, Roland	
Garstin, William	
Gary EH	
gas mantle	
Gas Mask / Warfare	
Gaslight	
Gasoline	
Gassendi	
Gates, Wm Bill	
Gateways (older)	
Gateways 1	
Gauguin	
Gauguin, Paul 2	
Gauss	
Gautier	
Gay	
Gay Lussac	
Gay, John	
Geiger	
Geiger Counter	
Geissler	
Gen Nathanael Greene	
General Aleksey Brusilov	
Genet	
Geneva Convention	
Genghis Khan	
Geodesic Dome	
Geoffrey of Monmouth	
Geoffroy St Hilaire	
George S	
George Stephenson	
George Washington to concertina	
George, Stefan	
Georgiana Spencer, Duchess 2	
Gerard of Cremona	
Gerbert	
Gerhard W	
Gerhard Wm	
Germ Theory	
Germ Theory of Disease 2	
Germain S	
Germain, Sophie	
Geronimo	
Gerry, Elbridge	
Gershwin G	
Gershwin I	
Gershwin. George 2	
Gesner	
Ghiberti	
Ghirlandaio	
Ghost Dance	
Giacometti	
Gibbon	
Gide	
Gielgud	
Gielguid Sir J	
Gikatilla	
Gilbert & Sullivan  C4xtra	
Gilbert JH	
Gilbert W	
Gilbert WS	
Gilbert, WS	
Gilbreth	
Gilbreth, FB	
Gilchrist P	
Gillette	
Gillette 2	
Ginsberg, Allen	
Giotto	
Gizmos	
Gladstone	
Glass/ Silicon	
Glidden C	
Glidden J	
Glinka	
Global Warming	
Gluck	
GMO Genetic modification	
Gniesenau	
Gobineau	
Goddard, Robert	
Godey's Lady's Book	
Godfrey	
Godfrey, Thomas	
Godwin	
Godwin, Wm	
Goebbels	
Goering	
Goethe	
Goethe to margarine	
Gogol	
Gogol, NV	
Gold	
Goldman E	
Goldoni	
Goldsmith	
Goldstein	
Goldstein, E	
Goldstein, I	
Goldwyn, S	
golf	
Golgi cells	
Golgi, Camillo	
Goliath Beetle	
Golitsyn B	
Golitsyn, Prince Boris	
Gone with the Wind	
Gonzaga, Vincenzo I	
Goodall, Jane	
Goodman, B	
Goodwin H	
Goodyear	
Goodyear 2	
Google Doodle	
Gordon	
Gordon, Cuthbert	
Gordon, Duchess	
Gore, Al VP	
Goring	
Gorrie	
Gorrie, John	
Gothic Revival	
Gottlieb, A	
Gough	
Gough, John	
Gould, Jay	
Gould, Jay 2	
Gounod	
Government regulations rise	
Goya	
Gozzi, Carlo	
GPS	
Graf Spee	
Grafton Perkins	
Graham G	
Graham Greene	
Graham J	
Graham,  Montrose 2	
Graham, Duke Montrose	
Graham, James	
Graham, Martha	
Graham, Mquis Montrose	
Gram	
Gram, HCJ	
Gramme	
gramophone	
Grand Tour	
Grant, Anne	
Grant, Ulysses	
Grant, US 2	
Graphology	
Graunt	
Gravatt	
Gravity	
Gray E	
Gray S	
Gray T	
Gray, Asa	
Gray, Elisha	
Great Depression 1929	
Great Eastern 2	
Great Fire of London	
Greeley	
Green	
Greene, Catherine	
Greenhouse gases	
Greenhow, Rose	
Gregory D	
Gregory O	
Greville C	
Greville, Fulke	
Grew	
Gribeauval	
Gribeauval, JBV de	
Grieg	
Griffith DW	
Griffith E	
Griffo	
Grimm	
Gropius W	
Gross, Chaim	
Grosseteste	
Grotius	
Groucho Marx to tournedos Rossini	
Grove Sir G	
Guano	
Guericke	
Guggenheim, Peggy	
Guitar	
Gulf Stream	
Gully & Wilson	
Gully&Wilson	
Gun Cotton	
Gunpowder	
Gunzberg von	
Gustavus Adolphus	
Gutenberg	
Gutenberg 2	
Gutta Percha	
Gwinnett, Button	
Gwyn N	
Gwynn N	
Gwynne	
Gymnastics	
gyroscope	
Haber, F	
Hadfield G	
Hadley	
Haeckel	
Haeckel 2	
Hakluyt	
Haldane, JBS	
Hale G	
Hales	
Hales. Stephen	
Halifax Earl	
Hall CM	
Hall, Basil	
Hall, John	
Hall, Lyman	
Hall, Spencer T	
Haller von	
Halley	
Halley 2	
Halley's Comet	
Halley's Comet to "Puss in Boots"	
Halley, E	
Hamilton J Archbishop	
Hamilton Sir Wm 2	
Hamilton, A 2	
Hamilton, Alexander	
Hamilton, Andrew	
Hamilton, Emma	
Hamilton, Sir Wm	
Hammerstein II, Oscar	
Hammond Organ	
Hammond, Laurens	
Han Dynasty	
Hanbury	
Hanbury, John	
Hancock C	
Hancock, John	
Hancock, Thomas	
Handel	
handshake	
Harburg, Yip	
Harding, Pres	
Hardness Scale	
Hardy T	
Hardy T Masterman	
Hardy, T Masterman	
Hardy, Thomas	
Hare, Robert	
Harford JS	
Hargreaves	
Harlow, Jean	
Harriman EH	
Harriman WA	
Harrington	
Harris F	
Harrison John	
Harrison, B Pres 23	
Harrison, Benjamin	
Harrison, James	
Harrison, John	
Harrison, Wm H Pres	
Hart R/Capone V	
Hart, John	
Hart, WS	
Harte, Bret	
Hartlib	
Hartlib, Samuel 2	
Harvard	
Harvey, William	
Harvey, Wm 2	
Hasselblad	
Hastings W	
Haukesbee	
Haushofer	
Haussmann	
Hauy RJ	
Hauy RJ 2	
Hauy V	
Haviland J	
Hawking, Stephen	
Hawksmoor, N	
Hawthorn Expt.	
Hawthorne N 2	
Hawthorne, Nathaniel	
Hayden FV	
Haydn FJ	
Haydn M	
Haydn, FJ	
Haydn, Franz 2	
Hayes, Rutherford B Pres	
Haywood Eliza	
Haywood, Big Bill IWW	
Hayworth, Rita	
Hazlitt	
HBC Hudson’s Bay Co	
Hearst, Wm	
Heaviside	
Heaviside, O	
Heberden	
Hegel	
Hegel 2	
Heidegger	
Heifetz, Jascha	
Heinlein, Robert	
Heisenberg	
Heisenberg 2	
Helicopter	
Helmholtz	
Helvetius	
Hemingway	
Hemingway 2	
Henle	
Henley WE	
Henri II	
Henry C	
Henry ER	
Henry George	
Henry Navigator	
Henry O	
Henry the Navigator	
Henry VIII	
Henry VIII 2	
Henry W	
Henry Wickham	
Henry, Joseph	
Henry, Joseph 2	
Henry, Patrick	
Hensen	
Hepburn K	
Hepplewhite	
Hepworth B	
Herapath, William	
Herapath, Wm	
Herbart	
Herder	
Herodotus	
Herschel JFW	
Herschel, William	
Herschel, William Sir	
Hertz 2	
Hertz, HR	
Hertzl, T 2	
Hertzl, Theodor	
Herzl, T	
Hess M	
Hess R	
Hess V	
Hewes, Joseph	
Hewson	
Hewson, Wm	
Heyward, Thomas	
Hickok, Wild Bill	
Hill Sir R	
Hill Sir Rowland	
Hill, John	
Hillman, S	
Himmler	
Hindemith	
Hindenburg von	
Hindley	
Hitchcock, A	
Hitler	
Hittorf	
Hoax, Charlatan	
Hobbes	
Hoffmann ETA	
Hoffmann, ETA 2	
Hoffmann, Felix	
Hofmann A von	
Hogarth	
Holland, JP	
Holland, Lord	
Hollandt	
Hollandt, S	
Hollerith	
Hollywood Blacklist	
Holmes O	
Holocaust	
Holst G	
Holt	
Holt Tractor	
Holt, Alfred	
Home, Anne	
Home, Daniel Dunglas	
homeostasis	
Homer Iliad	
Hooke	
Hooke, Robert	
Hooker	
Hooker W	
Hooker, Joseph 2	
Hooker, Joseph D	
Hooper, William	
Hoover, H Pres	
hoover, J Edgar	
Hope, Bob	
Hopkins FG	
Hopkins, G Manley	
Hopkins, Stephen	
Hopkinson, Francis	
Hopper, Grace adm	
Horsefield, Thomas	
Hosier, Clementine	
Hot chocolate	
Houdini	
Houses of Parliament	
Housman AE	
How-to: Internal links	
Howe E	
Howe SG	
Howe, Elias	
Howe, Julia	
Howe, Julia 2	
Howells WD	
https//en.wikipedia.org/wiki/Chesapeake%E2%80%93Leopard_Affair	
Hubble	
Hubble Space Telescope	
Hudson H	
Hughes	
Hughes, DE	
Hughes, Howard	
Hugo	
Huguenot Protestants	
Hull AW	
Human Genome	
Human Zoo	
Humboldt A von	
Humboldt W von	
Hume	
Hummingbird	
Humperdinck	
Humperdinck, E	
Humphrey, Hubert	
Hunt WH	
Hunter J	
Hunter W	
Hunter, John	
Huntington, Samuel	
Huntsman	
Hurok, S	
Hurwitz, L	
Husserl E	
Hutton C	
Hutton J	
Huxley A	
Huxley TH	
Huxley, Aldous	
huxley, Julian	
Huyghens 2	
Huyghens C	
Huyghens, Christiaan	
Huyghens, Constantijn Sr	
Hyatt JW	
Hydraulic Ram	
hydrazine	
Hydrogen	
hydrogen bomb	
Hygeia	
Hypnosis	
IBM	
Ibsen	
Ignaz von Born	
Impressionist	
incubator	
India	
Induction	
Industrial Espionage	
Industrial Revolution	
Industrialisation	
Industry	
Inertial systems	
Infographics	
Ingres	
Inquisition	
Instruments	
Int'l Harvester	
Interchangeable Parts	
Internal Combustion Engine	
Internet	
Internet of Things IoT	
Internet WW Web	
Interstate Commerce Act	
Iodine	
Ionosphere	
Ireland	
Iroquois Confederacy	
Irving H	
Irving W	
Irving, Washington	
Isabella of Castile	
Isabella Queen of Spain 2	
Isherwood C	
Isidore of Seville	
Islam	
Isolation Tank / Sensory Deprivation	
Israel/ Zionism	
Italic	
Ivan IV The Terrible	
Ivy Lee	
J. A. Folger	
Jack Ruby	
jackie  Kennedy Onassis	
Jackson CT	
Jackson J	
Jackson, Andrew	
Jacob Voet	
Jacobite Highlander Rebellions	
jacquard loom	
Jacquard, JM	
Jahn	
James, Henry	
James, Henry 2	
James, Jesse	
James, William	
James, William 2	
Jameson R	
Jansen	
Jansky	
Japan	
Japonisme	
Jaques-Dalcroze	
Jay, John	
Jazz	
JCF Bach	
Jefferson, Th 2	
Jefferson, Thomas	
Jeffreys	
Jeffreys, AJ Sir	
Jellinek-Mercedes	
Jenkin	
Jenner 2	
Jenner, Edward	
Jennings	
Jeremy Irons	
Jerome C	
Jerome JK	
Jespersen	
Jessel, G	
Jesus College Oxford	
Jews Judaism	
JM Barrie	
Joan of Arc	
Jobs, Steve	
Jodrell Bank	
Jodrell Bank Exp Station	
John Brown & Co	
John Donne 2	
John, Augustus	
Johnson Dr	
Johnson LB	
Johnson LB Pres	
Jolson A	
Jomini	
Jones D	
Jones Sir Wm	
Jones W	
Jones, Inigo	
Jones. John Paul	
Jonson Ben	
Joseph II	
Joseph Morgan	
Joseph Paxton	
Joule JP	
joule unit	
Joyce	
Judaism	
Judge Roy Bean	
Julian period	
Julius Caesar Emp	
Julius II	
Jung, Carl	
Jussieu A de	
Jussieu A de 2	
Jussieu AL de	
Jussieu B de	
Jussieu Joseph de	
Kahlo, Frida	
Kaiser Wilhelm I	
Kaleidoscope	
Kaleidoscope to homeostasis	
Kandinsky	
Kant	
Kaplan, M	
Karman von	
Karsavina TP	
Kastler	
Kauffmann	
Kauffmann, A	
Kaufman, G	
Kay J 2	
Kay, John	
Kay-Shuttleworth	
Kazan, E	
Kazin	
Kean E	
Keaton, Buster	
Keats	
Keats 2	
Keeling C: Keeling Curve	
Kekule	
Kekule, August 2	
Keller H 2	
Keller, Helen	
Kellogg	
Kellogg 2	
Kelly, Gene	
Kelvin	
kelvin unit	
Kemble J	
Kempenfelt	
Kendall	
Kennedy JF	
Kennelly	
Kennelly, AE	
Kent W	
Kepler	
Kerensky Alexei	
Kern, J	
Kettering, Charles	
Kew Gardens	
Key, Francis Scott	
Key, Francis Scott 2	
Keynes	
Keynes, JM	
Khruschev, Nikita	
Kielmeyer	
Kierkegaard	
Kieselguhr Diatom DTE	
Kindergarten	
King Arthur	
King George III	
King James I	
King James II	
King James VI	
King, ML	
Kinglake	
Kingsford	
Kingsford, Anna	
Kingsley C	
Kipling	
Kipling 2 Rudyard	
Kircher, Athanasius	
Kirchhoff	
Kirkup	
kitchener, Lord	
Kjellen	
Klages	
Klaproth	
Klatte	
Klee	
Kleist von	
Kline, H	
Knife Sword	
Knights of Pythias	
Knowlton	
Knox, Gen H	
Knox, John	
Koch	
Koch, Heinrich	
Kodaly	
Koenig S	
Kohn, E	
Kokoschka	
Komensky	
Koschiusko	
Kossuth	
Kossuth, L	
Kotzebue	
Krasner, L	
Kress	
Kress, W	
Kropotkin P	
Krupp	
Krushchev	
Kublai Khan	
Kuhne	
Kunders	
Kunders A (Cunard)	
kwebarchive	
L'Epee	
L'Epee, CM	
La Condamine	
La Fontaine	
La Rochefoucauld	
La Salle	
Labor Union	
Lacepede	
Laemmle, C	
Laennec	
Laennec, TRC	
Lafayette	
Lafayette 2	
Lagrange	
Laissez Faire	
Lalande J	
Lamarck	
Lamarr, Hedy	
Lamartine	
Lamb	
Lamb Lady Caroline	
Lamb, Chls	
Lanczos	
Land E	
Landseer	
Landsteiner	
Landsteiner, Karl	
Lanfranc	
Langenback	
Langenbeck	
Langevin	
Langley, SP	
Langmuir	
Laplace	
Lardner	
Larrey D-J	
Laser	
Lasky, J	
Latent Heat	
Laud, Wm Abp	
Laue von	
Laugh track	
Lavater	
Lavoisier	
Law, Antoine & John	
Law, John	
Lawes JB	
Lawrence DH	
Lawrence Sir T	
Lawrence TE	
Lazarus, E 2	
Lazarus, Emma	
Le Breton	
Le Brun	
Le Corbusier	
Le Notre	
Le Roy E	
Lead	
League of Nations	
Leakey	
Lear, Edward	
Leavis FR	
Leavitt	
LeBlanc N	
LED Light Emitting Diode	
Lee J Cobb	
Lee RE	
Lee, Francis Lightfoot	
Lee, Richard Henry	
Lee, Robert E	
Leeuwenhoek,  van 2	
Leeuwenhoek, A van	
Legendre	
Leger	
Legion d’Honneur	
Leibniz	
Leigh, Vivien	
LeMay, C General	
Lenard	
Leni Riefenstahl	
Lenin	
Lennon, John Beatles	
Leonardo Da Vinci 2	
Leopold II Belgium	
Lespinasse	
Lessing	
Lesueur	
Lever Bros. Soap Co.	
Lever, WH, Baron Leverhulme	
Levi-Strauss	
Levitt, H	
Lewes, George	
Lewis & Clark	
Lewis, CS	
Lewis, Francis	
Lewis, Sinclair	
Lewisohn, I	
Liberty Ship	
Library of Alexandria	
Liebault	
Liebault, A-A	
Liebig	
Light Brigade	
Light Bulb	
Lillie Langtry	
Lilly J	
Limelight	
Lincoln A 2	
Lincoln Abraham Pres	
Lind	
Lind J	
Lind, James	
Lind, Jenny	
Lindbergh	
Lindbergh 2	
Lindemann	
Linley	
Linnaeus	
Linschoten	
Lippershey	
Lippi, L Fra	
liquid crystal display LCD	
Liquid Oxygen	
Liquid-Fuelled Rocket	
Lister 2	
Lister, Sir J	
Liston	
Liston, Robert	
Liszt	
Little WJ	
Livingston, Philip	
Livingston, Robert L	
Livingston, Robert R	
Livingstone D	
Livingstone, David	
Lloyd George	
Lloyd Wright F	
Lloyd’s of London	
Locke	
Loddinges	
Loddinges, George	
Lodge	
Loeb S	
Loew, M	
Logan J	
Logarithms	
Lombard, Peter	
Lombroso	
London, Jack	
Long, Crawford	
Longfellow	
Longfellow HW 2	
Longitude	
Longueville, Duchesse de	
Lonnrot	
Loos, Adolf	
Lopokova	
Lorca G	
Lord Bothwell	
Lord Mountbatten	
Lorentz H	
Lost City of Z C4xtra	
Louis P	
Louis Riel	
Louis VII	
Louis XIV	
Louis XV	
Louis XVI	
Louisiana Purchase	
Loutherbourg	
Louverture, T	
Louvois	
Lovecraft, HP	
Lovelace  2	
Lovelace, Ada	
Low Temperature Scale	
Lowe	
Lowell, JR	
Lowell, Percival	
LSE	
Lubitsch, E	
Lucas, G	
Luddites	
Ludendorff	
Ludwig C	
Ludwig II	
Lugosi, Bela	
Lully	
Lumiere Bros	
Lunar Men	
Lusitainia	
Luther	
Lycopodium	
Lycopodium flash pwdr	
Lyell	
Lyell, Sir Charles	
Lynch, Thomas	
MacArthur, Douglas Gen	
Macaulay	
Macchiavelli	
MacDonald	
MacDonald, Flora	
MacFarquarson, Colin	
Macgillivray, W	
MacGregor	
MacGregor, Rob Roy	
Mach	
Machiavelli, Niccolo	
Machine Gun	
Macintosh C	
Macintosh G	
Mackinder	
Maclure, William	
MacNiece L	
MacNiece, Louis	
Macpherson	
Macpherson, James	
Macready	
Maddox, Michael	
Maderno C	
Madison, J Pres	
Madison, James Pres	
Maestlin	
Maestlin, M	
Magellan	
Magendie	
Magendie, F	
Magna Carta	
Magnetic Compass	
Magnetic tape recording	
Magnol	
Magritte	
Mahan AT	
Mahler	
Mahler(Anna)	
Mahler, Anna	
Mahler, Gustav	
Mail / Postal System	
Mail-Order rise	
Maiman	
Maimonides	
Malaria	
Malebranche	
Mallarme	
Mallet	
Malory Sir T	
Malpighi	
Malpighi, M	
Malraux	
Malta, Seige of	
Malthus	
Manchester Literary & Philos Society	
Mandela	
Manet	
Manifest Destiny	
Mann T	
Mansell Sir R	
Manson Family	
Mantegna	
Manzoni	
Mao Zedong	
Maps and Geo-displays	
March of Dimes	
Marconi	
Marey, EJ	
Marey, Etienne-Jules	
Margarine	
Maria Bochkareva	
Maria Louisa of Etruria	
Marian Anderson	
Marie Antoinette	
Marineland	
Mariotte	
Markham C	
Markham, Edwin	
Marlborough, Duke I	
Marlon Brando	
Marlowe Christopher	
Marsh OC	
Marshall, Alfred	
Marshall, J Justice	
Marshall, James	
Marshall, John	
Martha Washington	
Martineau, Harriet	
Martins de Roriz	
Martinville	
Marvell	
Marx	
Marx Bros	
Marx E	
Marx, Eleanor	
Marx, Groucho	
Marx, Karl	
Marxism	
Mary Queen of Scots	
Masaccio	
Masaryk J	
Masaryk T	
Maskelyne	
Maslow, S	
Masolino	
Mason, Charles	
Mass Transit	
Massenet	
Massine L	
Mather, C	
Matisse	
Matthews HG	
Mauchly	
Maudslay	
Maugham	
Maupertuis	
Maurepas	
Maurice of Nassau	
Maury	
Max Factor	
Maxim, Hiram	
Maximilian I	
Maximilian of Bavaria	
Maxwell  JC	
Maxwell 2	
Maybach	
Mayer, LB MGM	
Mazarin	
Mazois, Francois	
Mazzini	
McCallum	
McClellan	
McClellan, Gen Geo	
McCormick, Cyrus	
McKay, Donald	
McKean, Thomas	
McKinley, Wm Pres	
McParlan	
Mead Dr	
Meade, Margaret	
Meck von	
Medici Catherine de	
Medici Cosimo (Elder)	
Medici Cosimo (Gd Duke)	
Medici family	
Medici Lorenzo de	
Meges Mouries	
Mehlman, L	
Mehmed II	
Meisner, S	
Meissner G	
Meitner, Lise	
Melanchthon	
Mellon WA	
Mellon, Andrew W	
Melville	
Melville, Herman	
Mencken HL	
Mendel	
Mendel, Gregor 2	
Mendeleyev	
Mendelssohn	
Mengs	
Menotti	
Mental Illness	
Mercator	
Mercator Projection	
Mercury	
Meredith G	
Merimee	
Mersenne	
Mesmer	
Methane	
Metric System	
Metternich	
Mexican Revolution	
Mexican-American War	
Meyerbeer	
miasma	
Michaux	
Michelangelo	
Microphone	
microscope	
Microscope to Brooklyn Bridge	
Microwave Oven	
Middleton, Arthur	
Midgley	
Mies van der Rohe	
Mikhail Gorbachev	
Mill J	
Mill JS	
Mill, James	
Millais	
Millardet	
Millardet, PMA	
Miller, Arthur	
Miller, Philip	
Millet	
Milne AA	
Milne J	
Milne, AA 2	
Milnes RM	
Milton	
Miner's Safety Lamp	
Minot	
Miro	
Mis- / Dis-information	
Missouri Compromise	
Mitchell SW	
Model Town	
Modem	
Modern problems	
Modern Times	
Modigliani	
Mohorovicic	
Mohs	
Moissan	
Molecular Engineering	
Moliere	
Molotov	
Monck	
Mondrian	
Monet	
Monge	
Mongol	
Monitor	
Monro	
Monro, Alexander	
Monroe J Pres	
Monroe, James Pres	
Monroe, Marilyn	
Monster Movies	
Montagu Edward W	
Montagu Lady MW	
Montagu Mrs EW	
Montagu,  John Earl	
Montaigne	
Montefeltro F di	
Montesquieu	
Montessori, Maria	
Monteverdi	
Montgolfier	
Monty Python	
Moore Dr J	
Moore, Henry	
Moore, Henry 2	
More Sir T	
More, Hannah	
Morellet	
Morgagni	
Morgagni, GB	
Morgan Candles	
Morgan JP	
Morgan Sir H	
Mormons / LDS	
Morrell Lady O	
Morris Wm 2	
Morris, Gouverneur	
Morris, Lewis	
Morris, Robert	
Morris, William	
Morrison, Jim	
Morrow	
Morse J	
Morse, S 2	
Morse, Samuel	
Morton WTG	
Morton, Jelly Roll	
Morton, John	
Morveau, G de	
MOSFET Integrated Circuit	
Mother Goose	
Motorcycle	
Mott, Lucretia	
Mountbatten	
Mozart 2	
Mozart to Helicopter	
Mozart WA	
Mucha AM	
Muir, John	
Muller	
Muller PH	
Muller, JP	
Multimedia	
Munch, Edvard	
Munroe, Chls E	
Murchison	
Murdock	
Murray J	
Murray, Gilbert	
Mushet	
Muspratt	
Musschenbroek P	
Musschenbroek S	
Mussolini	
Mussolini, B 2	
Mussorgsky	
Muybridge 2	
Muybridge, Eadweard	
My Fair Lady	
mycology mushroom	
Mystery Tours	
NAACP	
Nabokov	
Naegeli von	
Naismith J	
Nano	
Nanobiology	
Nanochemistry	
Nanocomputing	
Nanocrystallography	
Nanoelectronics	
Nanoengineering	
Nanofabricator	
Nanofluidics	
Nanomaterials	
Nanomedicine	
Nanometrology	
Nanoparticles	
Nanorobotics	
Nanosystems	
Nanotechnology	
Nanotoxicology	
Nanotubes	
Nansen F	
napalm	
Napier John	
Napier R	
Napier, Archibald	
Napoleon 2	
Napoleon Bonaparte	
Napoleon III	
Narbonne, Count	
NASA (Apollo)	
Nash J	
Nash O	
Nasi	
Nasmyth J	
Nasser	
Nathaniel Ward	
National economic growth	
National Parks	
Native Americans	
naturalism	
naturphilosophie	
Naude	
Naval shipworm	
Naville	
Navy	
Nazism	
Necker	
Necker (Mme)	
Neef	
Neef, Caroline	
Nehou, Louis Lucas de	
Nehru	
Neilson	
Neilson, James	
Nelson	
Nelson Ted	
Nelson's Column	
Nelson, H Adm	
Nelson, Thomas	
Neodymium	
Nernst	
Neruda	
Nestle	
Nestle, Chls	
Neumann, Balthazar	
Neumann, von 2	
Neural Networks	
New Harmony	
Newcomen	
Newman, Barnett	
Newman, Cardinal	
Newton 2	
Newton, Sir I	
Ney	
Niccoli	
Nicholas II Csar	
Nicholas of Cusa	
Nicholas V	
Nicholson, Ben	
Nicholson, William	
Nicol	
Nicot	
Nicotine	
Nielsen Ratings	
Niepce	
Nietzsche	
Nieuwland	
Nightingale	
Nightingale, F	
Nijinsky	
NIMBY	
Nipkow	
nitroglycerine	
Nixon	
Nixon RM	
Nobel	
Nobel Prize	
Nobel. Alfred	
Noguchi I	
Nollet	
Norden Bombsight	
Norman Conquest 1066	
North D	
North, Simeon	
Northcliffe, Lord	
northest Passage	
Northwest Passage	
Notre Dame (Paris) to chewing gum	
Nova Scotia Loyalist blacks	
nuclear reactor	
Nureyev	
Nureyev, Rudolf 2	
Nursery Rhyme	
Nylon	
O'Connor	
O'Connor, FE	
O'Higgins	
Oak Park	
Obama	
Oberth	
Ockham William of	
Odets, C	
Oersted	
Oersted, Hans C	
Offenbach	
Offenbach, Jacques	
ohm unit	
Ohm, George	
oil lamp	
oil well	
Oken L	
Olbers	
Oldenburg	
Oliphant	
Oliver, King	
Olivier Sir L	
Olmsted & Burnham	
Olympic Games	
Onassis A	
Online banking	
Onnes	
Oops I Changed the World	
Opium Laudanum	
Opium Wars	
Oppenheimer	
Oppenheimer, Robert 2	
Optical Character Recognition	
Oresme	
Oresme, N	
Orff	
organ transplants	
Ortelius	
Orwell G	
Ory, Kid	
Osborn HF	
Osborn WH	
oscilloscope	
Osiander	
Ostwald	
Oswald LH	
Otto	
Otto King of Greece	
Ottoboni	
Oughtred, William	
Ovid	
Owen DD	
Owen RD	
Owen, R Dale	
Owen, Richard	
Owen, Robert	
Owen, Robert 2	
Oxenstierna	
Oxford Univ	
Oxford/Cambridge	
Oxygen	
O’Neill, Eugene	
Paca, William	
Pacioli	
Padua Univ	
Paganini	
Paine T	
Paine, Robert Treat	
Paine, Thomas	
Painter, William	
Painter, Wm	
Palestrina	
Paley W	
Palladio	
Palm Oil	
Palmer, A. Mitchell	
Pan Am	
Panama Canal	
Pandemic / Epidemic	
Panic of 1837	
Panizzi	
Panofsky	
Paoli	
Paoli, FAP	
Papen von	
Paper	
Paperwork!	
Papin	
Paracelsus	
Paraffin Wax	
Paris-Duvernay	
Parker, Dorothy	
Parlin CC	
Parry Sir H	
Pascal B	
pascal unit	
Pascal, Blaise	
Pascal, J	
Pasco	
Passy	
Pasteur	
Pasteurization	
Patent IP	
Pater W	
Paternoster	
Paterson W	
Paterson, William	
Pathe C	
pathological anatomy	
Patton	
Pauli	
Pauling, Linus	
Pavlov	
Peabody, George	
Peace Pacifism	
Peacock G	
Pearson K	
Peary	
Pedro II Brazil	
Peel	
Peel, Robert	
Peiresc NCF	
pencil	
penicillin/ antibiotics	
Penn G	
Penn T	
Penn W	
Penn, John	
Penn, Thomas	
Penn, Wm	
penology / criminology	
Penzias & Wilson	
Penzias&Wilson	
Pepys, Samuel	
Percival	
Perelman SJ	
Perfume Spray	
Perier	
Periodic Table	
Perkin W	
Perkin Wm H	
Perkins	
permanent wave	
Perot	
Perovskite	
Perrault P	
Perrault, Charles	
Perry M	
Perry M Adm	
Pershing	
Personal Computer PC	
Perspex /Plexiglass	
Perugino	
Pestalozzi	
Peter Folger	
Peter the Great	
Peters, T	
Petrie, Flinders	
petroleum	
Petty Sir W	
Peuerbach	
Phelan & Collander	
Philadelphia Centennial 1876 	
Philip Glass	
Philip II of Spain	
Philip II of Spain 2	
Phillips, Molesworth	
Phonograph record	
phosphoric ore	
photocopier	
Photocopy	
Photography	
Photosynthesis	
Photovoltaics	
Phrenology	
phylloxera	
Physical Anthropology	
Piaf, E	
Piazzi	
Picard	
Picasso 2	
Picasso, Pablo	
Piccard	
Pickford, Mary	
Pictet	
Pierce F Pres	
Piezoelectricity	
Pike Z	
Pilgrim Puritan	
Piltdown Man	
PIN	
Pinchot, G	
Pinckney	
Pinel	
Pinkerton	
Pinturicchio	
Piranesi	
Pirate / Privateer	
Pissarro	
Pistrucci	
Pistrucci, B	
Pitman, Issac	
Pitt W	
Pitt, Wm Younger	
Pivot	
Placido Domingo	
Plague / Black Death	
Plancius	
Planck	
Planetarium	
Plankton	
Plantin	
Plastic	
Plato	
Plato of Tivoli	
player piano	
Playfair J	
Playfair, John	
Playfair, Lyon	
Playfair, Wm	
Plethon	
Plimsoll S	
Pliny the Elder	
Plough	
Plucker	
Pneumatic Drill	
Pocahontas	
Poe	
Poe. EA 2	
Poggio	
Poincare JH	
Poincare R	
Poisson	
Polar Expeditions	
Polaroid camera	
Polaroid sunglasses	
Polhem	
Police (Bobbies)	
Polier, JW	
Polignac, Princesse de	
Polk	
Pollaiuolo	
Pollock, J	
Pollution	
Polo, Marco	
Pompadour	
Pompadour, Mde de	
Pompeii C4xtra	
Ponce de Leon	
Pony Express	
Poor HV	
Pope, Alexander	
Poptart	
Population growth	
Port Sunlight	
Porta, Giambattista della	
Porter ES	
Porter, Cole	
Portinari	
Portland Vase	
Post Card	
Post Card to PopTart	
Post Card to Raincoat	
Post-it Note	
Post-scarcity	
Postage Stamp	
Potassium	
Potato Famine	
Potemkin	
Pound	
Pound, Ezra 2	
Poussin	
Powell, Baden	
Powers	
Powers, James	
Prandtl	
Pre-Raphaelite Brotherhood PRB	
Preble E	
Prediction	
President Lincoln to penicillin	
pressure cooker	
Prevost, l'Abbe	
Price, Richard	
Priessnitz	
Priestley JB	
Priestley, Joseph	
Priestley, Joseph 2	
Prince Albert	
Princess Diana	
Pringsheim	
Printed Books	
Printing Press	
Prize	
Prof Challenger	
Projects	
Prokofiev	
Protestantism	
Proudhon, JP	
Proust	
Provisional Government	
Psychic Society	
Psychoanalysis	
Ptolemy	
Ptolemy I S	
Puccini	
Puget	
Pugin	
Pugin, AWN	
Pulitzer Prize	
Pulitzer, J	
Pullman, George	
punch cards	
Punch magazine	
Purcell	
Purkinje Cells	
Purkinje, Jan	
Pushkin, A	
Putin	
Père Lachaise Cemetery	
Quaker	
Quantum Physics	
Quantz JJ	
Queen Anne	
Queen Christina of Sweden 2	
Queen Elizabeth II	
Queen Victoria 2	
Quesnay	
Quetelet	
Quetelet, LAJ	
Quinine	
Quiz / game Show	
Rabi	
Rachmaninov	
Rachmaninov 2	
Racine	
Radar	
Radcliffe-Brown AR	
Radio	
radio astronomy / SETI	
Radioactivity	
radiometer	
Radisson	
Raffles	
Raffles, Th Sir	
Railroad	
raincoat	
Raleigh Sir W	
Rambert, Marie	
Rameau	
Ramon y Cajal	
Ramsay Sir W	
Ramsden	
Rand	
Rankine W	
Raphael	
Raphaelson, Sam	
Rasputin	
Rathenau, EM	
Ratzel	
Rauschenbusch, Walt	
Ravel	
Ravenscroft	
Raw Materials	
Ray, Man	
Rayleigh, Lord	
razor blade	
Read, George	
Reagan	
Reality TV	
Reaumur	
Reber	
Red Cross	
Red Cross to Continental Drift	
Redi	
Redi, F	
Reductionism	
Refrigerator/ AC	
Regiomontanus	
Regnault	
Reinhold	
Reinhold, E	
Relativity	
Religion	
Remak	
Rembrandt	
Remington	
Remote Control	
Renaissance Art	
Rennie J	
Renoir	
Respighi	
Reuchlin	
Revelle, Roger	
Revere, Paul	
Revolver	
Revolver to Braille	
Reynolds	
Reynolds Number	
Reynolds O	
Reynolds, J Sir	
Rheticus	
Rheticus, GJ	
Rhetoric / Oratory	
Rhodes, C	
Rhodes, Cecil	
Ricardo	
Ricci	
Rice	
Rich	
Rich, John	
Richard I Lionheart	
Richard III King	
Richardson	
Richardson B	
Richardson Sir R	
Richardson, Benjamin 	
Richardson, Samuel	
Richelieu	
Richter	
Richthofen F von	
Richthofen M von	
Ricordi	
Ridley, Harold Sir	
Riemann	
Rigondi G	
Riis, Jacob	
Rilke RM	
Rimbaud	
Rimsky Korsakov 1844-1908	
Riot Protest	
Riquet	
Ritter	
Rivera, Diego	
RMS Titanic	
Robert “ King” Carter	
Robert, NL	
Roberts R	
Roberts, Richard	
Roberval	
Robeson, Paul	
Robespierre Jacobin	
Robin Hood	
Robinson, Edward G	
Robotics	
Rock Music	
Rockefeller JD jnr	
Rockefeller, John D sr	
Rockefeller, N	
Rocket locomotive	
Rockne, K	
Rodgers	
Rodin	
Rodney	
Rodney, Caesar	
Rodzyanko Mikhail	
Roebling	
Roebling, JA	
Roebuck	
Roebuck, John	
Roentgen	
Rogers	
Rogers S	
Roget M	
Rokitansky	
Rolfe, John	
Rolling Stones	
Romagnosi, Gian Domenico	
Roman Catholic Church	
Romano, Giulio	
Romanticism	
Romanticism to carburettor	
Romer	
Romilly S	
Rommel	
Romney G	
Ronne, Finn	
Rooney, Mickey	
Roosevelt FD	
Roosevelt T 2	
Roosevelt Teddy Pres	
Roosevelt, Eleanor	
Roosevelt, Franklin D 2	
Roscoe	
Roscoe, Wm	
Rosenbleuth	
Rosenfeld, P	
Rosetta Stone	
Ross John	
Ross, Barney	
Ross, George	
Ross, James	
Rossetti DG	
Rossetti G	
Rossetti, Dante  2	
Rossini	
Rothenstein Sir W	
Rothko, M	
Rothschild LN	
Rothschild NM	
Rothschilds	
Rousseau	
Roy	
Roy, William	
Royal African Co	
Royal Geographical Society RGS	
Royal Navy	
Royal Society 2	
Royal Society FRS	
Rubber	
Rubber 2	
Rubens	
Rubens, PP	
Rubik’s Cube	
Rubinstein, Helena	
Rubinstein, Ida	
Rufus King	
Ruggero Boscovich, Boscovich RG	
Rumford	
Runge	
Rupert, Prince	
Rush, Benjamin	
Ruskin	
Russell, Bertrand	
Russell, Henry	
Russian Empire	
Rutherford 2	
Rutherford, E	
Rutledge, Edward	
Sabatier	
Sabine	
Sacagawea	
Saccharimeter	
Sadler J	
safety razor	
Sagan, Carl	
Saint Saens	
Saint-Hilaire	
Saint-Simon	
Saladin	
Salieri	
Salk, Jonas	
Salome, Lou	
Salon	
Salt	
Salvador Dali 2	
Salvation Army	
Samuel Slater	
San Francisco	
Sand	
Sand, George	
Sandby, Paul	
Sanderson G	
Sanderson, George	
Sandwich	
Sanger, M	
Sanskrit	
Santa Anna	
Santayana	
Santorio	
Sargent, JS	
Sarnoff RCA	
Sarpi	
Sartre	
Sassoon S	
Satellite	
Satie	
Saussure	
Savery	
Savile Lady D	
Savonarola	
Scaliger	
Scandal	
Scanning Tunnelling Microscope	
Scarlatti A	
Scarlatti D	
Schanker, L	
Scharnhorst	
Schechter, S	
Scheele	
Scheiner	
Schelling von	
Schiff, J	
Schiller	
Schlegel A	
Schlegel F	
Schleiden	
Schliemann	
schlieren imaging	
Schliermacher	
Schneider Trophy / seaplane	
Schneiderman, Rose	
Schoenberg	
Schonbein	
Schonbein, CF	
Schonlein	
Schopenhauer	
Schrodinger	
Schubert	
Schumacher	
Schumann R	
Schumann, Clara	
Schwab CM	
Schwan E	
Schwann T	
Schweitzer, Alfred	
Schweppe	
Science Fiction	
Scientific Racism	
Scientific Revolution	
Scopes	
Scopes Monkey Trial	
Scotch Tape	
Scotland	
Scott RF	
Scott WD	
Scott, Dred	
Scott, Sir Walter	
Scott, Thomas A	
Scott, Winfield	
Scouting	
screwcutting lathe	
Scriabin	
Scribe E	
Scrope	
Search Engine	
Secret Society	
Sedgwick	
Sedgwick, Adam	
Segal, Edith	
Seismograph	
Selden J	
Selenium photoelectric	
Selkirk	
Selkirk, Alexander	
Selznick	
Semaphore	
Senebier	
Serendipity / Accident	
Seurat	
Seuraut	
Seven Years’ War	
Seventh-Day Adventists	
Sewage Disposal	
Seward WH	
Sewing machine	
sextant	
sGravesende	
Shackleton	
Shahn, B	
Shakespeare	
Shannon, Claude	
Shapero, L	
Sharp, Cecil	
Sharp, Granville	
Shattuck	
Shattuck, George	
Shaw GB 2	
Shaw, George B	
sheen, Bp Fulton	
Shelburne, Lord	
Sheldon CM	
Shelley PB	
Shelley, Mary	
Shelley, Percy B 2	
Shepard, David	
Sheraton	
Sheridan	
Sheridan RB	
Sherlock Holmes	
Sherman, Roger	
sherman, Wm T	
Sherrington	
Shipley	
Shipley, J	
Shipping container	
Shockley	
Sholes	
shorthand	
Shostakovich	
Shovell, Adm	
SHRDLU	
Sibelius	
Sicard	
Sickert	
Sickert, W	
Siddons, Sarah	
Sidney Sir P	
Sidney, Sylvia	
Siemens, Werner	
Siemens, Werner 2	
Siemens, William	
Sierra Leone Co	
Siger of Brabant	
Signac	
Signorelli	
Sikorsky 2	
Sikorsky, Igor	
Silk Fabric	
Silk Road	
Silliman Jnr	
Silliman Snr 2	
Silliman, B Jnr	
Silliman, Benjamin Snr	
Silver	
Silver B	
Simmelweiss	
Sinatra	
Sinclair, Upton	
Singer	
Sioux Nation	
Sir John Herschel 2	
Sir Robert Alexander	
Sir Walter Scott	
Siri, Alexa etc	
Sismondi	
Sitting Bull	
Sitwell, Edith	
Skateboard	
Skinner BF	
Skoda J	
Skull & Bones	
Slavery	
Sloane Sir H	
Small, William	
Smallpox	
Smart Dust	
Smeathman, Henry	
Smeaton	
Smellie W	
Smetana	
Smiles	
Smiles, Samuel	
Smith A	
Smith FE (Earl Birkenhead) of	
Smith J	
Smith JS	
Smith TS	
Smith W	
Smith, Adam	
Smith, J Lawrence	
Smith, James	
Smith, John	
Smith, Joseph	
Smith, William	
Smithson	
Smithson, James	
Smithsonian Institution	
Smollett	
Smuts	
Smyth Adm. WH	
Smyth CP	
Snell	
Snow , John Dr	
Snow CP	
Snow J	
Soap Opera	
Sobrero	
Social Darwinism	
Social Media	
Society of Cincinnati	
Sociology	
Socrates	
Soda Water	
Soddy	
Sodium	
Sokolow, A	
Solander	
Solar	
Solar cell	
Solar System	
Soleil	
Somerville	
Somerville, Mary	
Sommeiller	
Sommerfeld A	
Sommersett, James	
Sonar	
Sondheim S	
Sontag, Susan	
Sor, Fernando	
Sorby	
Sound on Film / Talkies	
South Sea Company	
Southampton, Earl of	
Southey	
Space Shuttle	
Space Telescope	
Spaceflight	
Spallanzani	
Spanish Armada	
Spanish Civil War	
Spanish-American War	
Spectroscope	
Speech synthesis / Recognition	
Spencer H	
Spencer, Percey	
Spender	
Spender, Stephen	
Spengler	
Spenser E	
Sperry, EA	
Spinoza	
Spiritualism	
Sprat, Thomas	
Spreckles	
Sprengel, Herman JP	
Sputnik	
Squanto	
SS Great Eastern	
SS Great Western	
St Dominic	
St Teresa of Avila	
Stalin	
Stanford Sir C	
Stanford University	
Stanford, Leland Gov	
Stanhope, Lady H	
Stanislavsky	
Stanley Sir HM	
Stanton EM	
Star Spangled Banner	
Star Trek	
Star Wars	
Starvation	
Statue of Liberty	
Statue of Liberty to gas mantle	
Steam Engine	
Steam engine to "Rip Van Winkle"	
Steam locomotive	
Steamboat -ship SS	
Steampunk alternative History	
Steel	
Steel Cable	
Steele Sir R	
Stefan J	
Steichen, Ed	
Stein, Gertrude	
Steinbeck, John	
Steiner, R	
Steinheil	
Stendahl	
Stendhal	
Stensen N	
Stephenson G 2	
Stephenson R	
Stephenson, Robert	
Stethoscope	
Stevenson RL	
Stevin	
Stewart Brand	
Stieglitz, A	
Stirrup Saddle	
Stockton, Richard	
Stoker, Bram	
Stokes	
Stokes GG	
Stokowski	
Stolberg, Louise von	
Stone	
Stone, Thomas	
Stonehenge	
Stoppard, Tom	
Stowe, H Beecher	
Strac	
Stradivarius	
Strand, P	
Strang JJ	
Strasberg, Lee	
Stratigraphy	
Strauss R	
Stravinsky	
Stravinsky 2	
Stribeck	
Strindberg	
Stroheim von	
Stromeyer	
Strong, Jonathan	
Struve, FGW	
Stuart, Gilbert	
Stuart, Prince Charles	
Sturgeon	
submarine	
Suez Canal	
Sugar	
Suleiman	
Suleyman the Magnificent 2	
Sullivan Sir A	
Sullivan, Louis	
Sulphur	
Sumner, Charles	
Sun Yat Sen	
Sundback	
Sunlight soap	
Superconductivity	
Surfboard	
Survey land	
Sutter	
Sutter, JA	
Swammerdam	
Swan, Joseph	
Swedenborg	
Sweet	
Swift	
Swinburne	
Swinton	
Swinton ED	
Sydenham T	
Synthesizer	
Synthetic Chemistry	
Szilard	
Szold, H	
Taft, Pres Wm H	
Taine	
Talbot F	
Talleyrand	
tallmadge, Benjamin	
Talmud, B	
Tamiris, H	
Tank	
Tartaglia	
Taylor FW	
Taylor, George	
Taylorism	
TB tuberculosis	
Tchaikovsky	
TCM Co	
Tea	
Tea Clipper	
Teflon	
Teilhard de Chardin	
Telegraph	
Telegraph 2	
Telemann	
Telephone	
Telescope	
Television	
Telford	
Teller	
Teller, Edward	
Temperance Movement	
Temperature scale	
Ten-based Logarithms	
Tennant	
Tennant, Chls	
Tennyson	
Terry	
Terry, Eli	
Terry, Ellen	
Tesla	
textile industry	
Thackeray	
Thalberg, Irving	
Thatcher	
Thayer, Sylvanus	
The Knowledge Web	
Thenard	
theodolite	
Theosophy Occult	
Theremin	
Thevenot	
Thierry of Chartres	
Thiersch	
Third World	
Third World development	
Thirlwall	
Thomas Becket	
Thomas, Dylan	
Thomas, Lowell	
Thompson Col JT	
Thomson CEP	
Thomson JE	
Thomson JJ	
Thomson, George	
Thoreau	
Thoreau, HD 2	
Thornton, Matthew	
Thucydides	
Thurber, Jeannette	
Ticknor G	
Tidal	
Tieck	
Tiepolo	
Tiffany	
Tillotson	
Time Ball	
time-and-motion study	
Timelines	
Timothy Folger 2	
Timothy Folger C4xtra	
Tin Pan Alley	
Tinsley W	
Tintoretto	
Tipu Sultan	
Tiselius	
Tiselius, A	
Titian	
Tito	
Tobacco	
Todd, Gwendoline	
Todd, Sir Charles	
Toepler	
Tolkien, JRR	
Tolstoy 2	
Tolstoy, Ilya	
Tolstoy, Leo	
Tompion	
Tools and archives	
Tordesillas, Treaty of	
Torelli	
Torpedo	
Torquemada	
Torrey J	
Torricelli	
Torricelli, A	
Toscanelli	
Toscanini	
Toulouse-Lautrec	
Tournefort	
Tower Bridge	
Townes	
Townshend, Charles	
Townshend, Turnip	
Toynbee	
Tracy, Spencer	
Trail of Tears	
Trainers	
Trainers / Sneakers	
Transatlantic cable	
Transcendentalists	
Transcontinental Railroad	
Transistor	
transistor 2	
Transportation	
Travelling salesmen	
Treasure Island to DNA	
Tree Sir B	
trench warfare	
Trent Council of	
Trevithick	
Trevor-Roper	
Triangular Sail	
Trippe	
Trissino	
Triumph of the Nerds	
Trollope	
Trollope, Anthony	
Trollope, Frances	
Trotsky	
Truman, Harry President	
Trumbull J	
Truth, Sojourner	
Tsar Alexander I	
tsar Alexander II	
Tsar Nicholas I	
Tsar Nicholas II	
Tschermack	
Tschermak	
Tsiolkovsky	
Tubman, Harriet	
Tull	
Tull, Jethro	
Turgenev	
Turgot	
Turing, A	
Turner JMW	
Tutankhamun	
TV / Television	
Twain	
Twain 2	
Tycho Brahe 2	
Tykociner	
Tyler John, Pres	
Tylor EB	
Tyndale W	
Tyndall J	
Typewriter	
Tzara	
U-2	
Uccello	
Uchatius	
UCSD	
Udall	
Ulam	
Uncertainty Principle	
Underground Railroad	
Unimate	
Unit of Measurement	
United Fruit	
United Nations	
Univ. Postal Union	
UNIVAC Computer	
Universal Declaration of Human Rights	
University of California	
Unserwater	
UPU Universal Postal Union 2	
Uranium	
Urban Barberini	
Ure	
Ure, Andrew	
US Civil War	
US Coast Guard	
US Constitution	
US railroads	
USS Monitor	
Ussher, James	
Ussher, James Bp.	
USSR Soviet Union	
Utopian Community	
V-2 missile	
vaccination	
Vaccination 2	
Vacuum	
Vacuum Flask	
Vail 2	
Vail, Alfred	
Valentino, Rudolph	
Valery	
Valla	
Valley Forge	
Valsalva	
Valsalva, AM	
Van Buren, Pres	
Van Dyck	
Van Gogh	
Van Helmont	
Van Linschoten	
Van Meck	
Van Musschenbroek P	
Van Musschenbroek S	
Vanbrugh, John	
Vandalism	
Vanderbilt, Cornelius	
Vanderlyn, J	
Varley, Cromwell	
Varnhage von Ensa	
Vasari	
Vauban	
Vaucanson, J	
Vaudeville	
Vaughan Williams Sir R	
Vavilov	
Vegetarian	
Velasquez	
Velcro	
Venerable Bede	
Venturi	
Verdi	
Verlaine	
Vermeer	
Verne	
Verne, Jules	
Veronese	
Verrocchio	
Vesalius	
Vesalius, A	
Vespucci	
Viardot	
Vicq d'Azyr	
Victoria TL de	
Victoria, Queen	
Video Games	
Vidocq	
Vierordt	
Vigenere	
Villa D'Este	
Villa, Pancho	
Villerme	
Viollet le Duc	
Virchow	
Virgil	
Virtual Reality	
Visual Perspective	
Vitamins	
Vitamins to Elgin marbles	
Vitruvius	
Vivaldi	
Viviani	
Vivisection	
Voet	
volt unit	
Volta 2	
Volta, Alessandro	
Voltaire	
Voltaire 2	
Von Arnim A	
Von Arnim B	
Von Baer, K	
Von Baeyer A	
Von Braun	
Von Brucke, EW	
Von Bulow	
Von Bulow, Cosima	
Von Freiberg, Dietrich	
Von Gunzberg	
Von Haller, VA	
Von Hindenburg	
Von Hofmann A	
Von Humboldt A	
Von Humboldt Wm	
Von Karman	
Von Kleist	
Von Laue	
Von Linde	
von Linde, Carl	
Von Meck	
von Miller, Oskar	
Von Muller, J	
Von Naegeli	
Von Neumann, J	
Von Papen	
von Reichenbach	
Von Richthofen F	
Von Richthofen M	
Von Schelling	
von steuben	
Von Stroheim	
Von Weber K	
Vonnegut	
Voyager Golden Record	
VR Fieldtrips	
Wade Sir TF	
Wafer	
Wafer, Lionel	
Wagenhaer	
Wagner R	
Wal	
Wald, Lillian	
Waldseemuller	
Wallace, Alfred R	
Wallace, Alfred Russel 2	
Wallace, William	
Wallis	
Wallpaper	
Wallpaper to germ theory	
Walpole H	
Walpole R	
Walpole Robert PM	
Walsingham	
Walter Reed	
Walton	
Walton Sir W	
Walton, George	
Wanamaker	
War Jenkin's Ear	
War of 1812	
War of the Currents	
Warburg, Felix	
Ward , Joshua	
Ward J	
Wardian Case	
Warhol	
Warner Bros	
Warren, Earl	
Warren, Josiah	
Washburn&Co	
Washington College	
Washington G Pres	
Washington, Booker T	
Washington, George 2	
Waste	
Waterhouse, Benjamin	
Watson JB	
Watson-Watt, Robert	
Watt J	
watt unit	
Watt, James	
Watteau	
Wauchope, Robert	
Waugh	
Wayne J	
Wayne John	
Wayne, Gen. Mad Anthony	
Weatherley Fred	
Weaver	
Weaver, John	
Webb S&B	
Weber EH	
Weber K von	
Weber WE	
Weber, Max	
Webster J	
Webster N	
Webster's Dictionary	
Webster, Daniel	
Webster, John	
Webster, Noah	
Wedgwood 2	
Wedgwood pottery	
Wedgwood, Josiah	
Weegee	
Wegener 2	
Wegener, A	
Weigert	
Weill K	
Weismuller J (Tarzan)	
Weizmann, Chaim	
Welles. Orson	
Wellington, Duke of	
Wells HG	
Wells HG 2	
Welsbach	
Werner	
Werner, AG	
Wesley Charles	
Wesley, John	
West	
West Point USMA	
West, Benjamin	
Western Electric	
Western Union	
Westinghouse	
Weston Sir R	
Whales, Dolphins	
Wheatstone 2	
Wheatstone, Charles	
Whewell	
Whipple, William	
Whiskey Rebellion	
Whistler	
Whiston W	
Whitbread	
White Mrs E	
White, Andrew	
Whitefield G	
Whitehead AN	
Whiteman, Paul	
Whitman, Walt	
Whitney, E	
Whittier, John G	
Whitworth	
Wieck F	
Wiener	
Wig	
Wikipedia	
Wilberforce S Bp	
Wilberforce Wm	
Wilberforce, Samuel	
Wilberforce, William	
Wilde O	
wilder, Billy	
Wilkes	
Wilkes C	
Wilkes, John	
Wilkins	
Wilkins, John	
Wilkinson	
Wilkinson Mary	
Wilkinson, James	
Wilkinson, John	
Will Rogers	
William Conqueror	
William II Wilhelm Emperor	
William IX	
William of Orange, King	
williams, Tennessee	
Williams, William	
Williams, William Carlos	
Willis	
Willis, Robert	
Willoughby Smith	
Wilson CTR	
Wilson, James	
Winckelmann	
Wind	
Wind Power	
Winkler	
Winograd, Terry	
Winsor	
Winsor, FA	
Winstanley	
Winters	
Winters, A	
Winthrop, John	
Wirt	
Wise, Stephen S	
Witch Trials	
Witelo	
Witham	
Witherspoon, John	
Wittgenstein	
Wizard of Oz	
Wodehouse	
Woffington, Peg	
Wohler	
Wolcott, Oliver	
Wollaston	
Wollstonecraft	
Women's Suffrage	
Womens's movement	
Woodland N	
Woodrow Wilson	
Woodrow Wilson Pres 2	
Woolf V	
Woolf, Virginia	
Woolley Sir L	
Wordsworth	
World Fair/ Expositions	
World War 1	
Wortley Montagu, Lady 2	
WPA Works Progress Admin	
Wren	
Wright Bros	
Wright FL	
Wright, Almroth	
Wright, Fanny	
Wundt W	
WWI	
WWII	
Wythe, George	
X-ray diffraction	
X-Rays	
Xerox PARC	
Yale U	
Yeats WB	
Yellow Fever	
Yellowstone	
YMCA	
Yoga meditation	
Young T	
Young, Brigham	
Zach	
Zachary Taylor	
Zangwill	
Zanuck, D	
Zapata E	
Zeidler	
Zeppelin Airship	
Zeppelin, Ferdinand von	
Ziegfeld Follies	
Zimbalist, E	
Zimmermann Cafe	
Zionism	
Zipper	
Zirkel	
Zola	
Zollner	
Zombies	
Zoopraxiscope	
Zukor, A	
Zukor, Adolf	
Zwingli	
Zworykin	